Variable,Original_Value,Encoded_Value
Rpt Dist No,1001,0
Rpt Dist No,1003,1
Rpt Dist No,1004,2
Rpt Dist No,1005,3
Rpt Dist No,1006,4
Rpt Dist No,1007,5
Rpt Dist No,1008,6
Rpt Dist No,1009,7
Rpt Dist No,101,8
Rpt Dist No,1011,9
Rpt Dist No,1012,10
Rpt Dist No,1013,11
Rpt Dist No,1014,12
Rpt Dist No,1015,13
Rpt Dist No,1016,14
Rpt Dist No,1017,15
Rpt Dist No,1018,16
Rpt Dist No,1019,17
Rpt Dist No,1021,18
Rpt Dist No,1022,19
Rpt Dist No,1023,20
Rpt Dist No,1024,21
Rpt Dist No,1025,22
Rpt Dist No,1027,23
Rpt Dist No,1028,24
Rpt Dist No,1029,25
Rpt Dist No,1031,26
Rpt Dist No,1032,27
Rpt Dist No,1033,28
Rpt Dist No,1034,29
Rpt Dist No,1035,30
Rpt Dist No,1036,31
Rpt Dist No,1037,32
Rpt Dist No,1039,33
Rpt Dist No,1041,34
Rpt Dist No,1042,35
Rpt Dist No,1043,36
Rpt Dist No,1044,37
Rpt Dist No,1045,38
Rpt Dist No,1046,39
Rpt Dist No,1047,40
Rpt Dist No,1048,41
Rpt Dist No,1049,42
Rpt Dist No,105,43
Rpt Dist No,1053,44
Rpt Dist No,1061,45
Rpt Dist No,1063,46
Rpt Dist No,1065,47
Rpt Dist No,1067,48
Rpt Dist No,1068,49
Rpt Dist No,1075,50
Rpt Dist No,1077,51
Rpt Dist No,1078,52
Rpt Dist No,1079,53
Rpt Dist No,1083,54
Rpt Dist No,1087,55
Rpt Dist No,1088,56
Rpt Dist No,1089,57
Rpt Dist No,109,58
Rpt Dist No,1091,59
Rpt Dist No,1094,60
Rpt Dist No,1097,61
Rpt Dist No,1098,62
Rpt Dist No,1099,63
Rpt Dist No,1101,64
Rpt Dist No,1102,65
Rpt Dist No,1105,66
Rpt Dist No,1107,67
Rpt Dist No,1109,68
Rpt Dist No,111,69
Rpt Dist No,1112,70
Rpt Dist No,1113,71
Rpt Dist No,1115,72
Rpt Dist No,1116,73
Rpt Dist No,1117,74
Rpt Dist No,1118,75
Rpt Dist No,1119,76
Rpt Dist No,112,77
Rpt Dist No,1122,78
Rpt Dist No,1123,79
Rpt Dist No,1124,80
Rpt Dist No,1125,81
Rpt Dist No,1126,82
Rpt Dist No,1127,83
Rpt Dist No,1128,84
Rpt Dist No,1129,85
Rpt Dist No,1132,86
Rpt Dist No,1133,87
Rpt Dist No,1134,88
Rpt Dist No,1135,89
Rpt Dist No,1136,90
Rpt Dist No,1137,91
Rpt Dist No,1138,92
Rpt Dist No,1139,93
Rpt Dist No,1141,94
Rpt Dist No,1142,95
Rpt Dist No,1143,96
Rpt Dist No,1144,97
Rpt Dist No,1145,98
Rpt Dist No,1146,99
Rpt Dist No,1147,100
Rpt Dist No,1148,101
Rpt Dist No,1149,102
Rpt Dist No,1151,103
Rpt Dist No,1152,104
Rpt Dist No,1153,105
Rpt Dist No,1157,106
Rpt Dist No,1158,107
Rpt Dist No,1159,108
Rpt Dist No,1161,109
Rpt Dist No,1162,110
Rpt Dist No,1163,111
Rpt Dist No,1169,112
Rpt Dist No,1171,113
Rpt Dist No,1172,114
Rpt Dist No,1173,115
Rpt Dist No,1174,116
Rpt Dist No,1175,117
Rpt Dist No,1176,118
Rpt Dist No,1177,119
Rpt Dist No,1178,120
Rpt Dist No,1179,121
Rpt Dist No,118,122
Rpt Dist No,1181,123
Rpt Dist No,1183,124
Rpt Dist No,1184,125
Rpt Dist No,1185,126
Rpt Dist No,1186,127
Rpt Dist No,1189,128
Rpt Dist No,119,129
Rpt Dist No,1195,130
Rpt Dist No,1199,131
Rpt Dist No,1200,132
Rpt Dist No,1203,133
Rpt Dist No,1204,134
Rpt Dist No,1205,135
Rpt Dist No,1207,136
Rpt Dist No,1208,137
Rpt Dist No,1209,138
Rpt Dist No,121,139
Rpt Dist No,1211,140
Rpt Dist No,1213,141
Rpt Dist No,1215,142
Rpt Dist No,1218,143
Rpt Dist No,1219,144
Rpt Dist No,122,145
Rpt Dist No,123,146
Rpt Dist No,1231,147
Rpt Dist No,1232,148
Rpt Dist No,1233,149
Rpt Dist No,1235,150
Rpt Dist No,1239,151
Rpt Dist No,124,152
Rpt Dist No,1241,153
Rpt Dist No,1242,154
Rpt Dist No,1243,155
Rpt Dist No,1245,156
Rpt Dist No,1248,157
Rpt Dist No,1249,158
Rpt Dist No,1251,159
Rpt Dist No,1252,160
Rpt Dist No,1253,161
Rpt Dist No,1255,162
Rpt Dist No,1256,163
Rpt Dist No,1257,164
Rpt Dist No,1258,165
Rpt Dist No,1259,166
Rpt Dist No,1263,167
Rpt Dist No,1265,168
Rpt Dist No,1266,169
Rpt Dist No,1267,170
Rpt Dist No,1268,171
Rpt Dist No,1269,172
Rpt Dist No,127,173
Rpt Dist No,1273,174
Rpt Dist No,128,175
Rpt Dist No,1283,176
Rpt Dist No,129,177
Rpt Dist No,1293,178
Rpt Dist No,1300,179
Rpt Dist No,1303,180
Rpt Dist No,1307,181
Rpt Dist No,1309,182
Rpt Dist No,131,183
Rpt Dist No,1311,184
Rpt Dist No,1313,185
Rpt Dist No,1317,186
Rpt Dist No,132,187
Rpt Dist No,1321,188
Rpt Dist No,1322,189
Rpt Dist No,1323,190
Rpt Dist No,1324,191
Rpt Dist No,1325,192
Rpt Dist No,1326,193
Rpt Dist No,1327,194
Rpt Dist No,133,195
Rpt Dist No,1331,196
Rpt Dist No,1333,197
Rpt Dist No,134,198
Rpt Dist No,1341,199
Rpt Dist No,1342,200
Rpt Dist No,1343,201
Rpt Dist No,1344,202
Rpt Dist No,1345,203
Rpt Dist No,1346,204
Rpt Dist No,1347,205
Rpt Dist No,135,206
Rpt Dist No,1351,207
Rpt Dist No,1352,208
Rpt Dist No,1353,209
Rpt Dist No,1354,210
Rpt Dist No,1361,211
Rpt Dist No,1362,212
Rpt Dist No,1363,213
Rpt Dist No,1364,214
Rpt Dist No,1365,215
Rpt Dist No,1367,216
Rpt Dist No,1371,217
Rpt Dist No,1372,218
Rpt Dist No,1373,219
Rpt Dist No,1375,220
Rpt Dist No,1377,221
Rpt Dist No,138,222
Rpt Dist No,1381,223
Rpt Dist No,1383,224
Rpt Dist No,1385,225
Rpt Dist No,139,226
Rpt Dist No,1391,227
Rpt Dist No,1393,228
Rpt Dist No,1394,229
Rpt Dist No,1395,230
Rpt Dist No,1400,231
Rpt Dist No,1401,232
Rpt Dist No,1402,233
Rpt Dist No,1403,234
Rpt Dist No,1405,235
Rpt Dist No,1406,236
Rpt Dist No,1407,237
Rpt Dist No,1408,238
Rpt Dist No,1409,239
Rpt Dist No,141,240
Rpt Dist No,1411,241
Rpt Dist No,1412,242
Rpt Dist No,1413,243
Rpt Dist No,1414,244
Rpt Dist No,1415,245
Rpt Dist No,1416,246
Rpt Dist No,142,247
Rpt Dist No,1424,248
Rpt Dist No,1425,249
Rpt Dist No,1426,250
Rpt Dist No,1427,251
Rpt Dist No,1428,252
Rpt Dist No,143,253
Rpt Dist No,1431,254
Rpt Dist No,1432,255
Rpt Dist No,1433,256
Rpt Dist No,1434,257
Rpt Dist No,1435,258
Rpt Dist No,1436,259
Rpt Dist No,1437,260
Rpt Dist No,1438,261
Rpt Dist No,144,262
Rpt Dist No,1441,263
Rpt Dist No,1443,264
Rpt Dist No,1444,265
Rpt Dist No,1445,266
Rpt Dist No,1446,267
Rpt Dist No,1449,268
Rpt Dist No,145,269
Rpt Dist No,1451,270
Rpt Dist No,1452,271
Rpt Dist No,1453,272
Rpt Dist No,1454,273
Rpt Dist No,1455,274
Rpt Dist No,1456,275
Rpt Dist No,1457,276
Rpt Dist No,1458,277
Rpt Dist No,1459,278
Rpt Dist No,146,279
Rpt Dist No,1462,280
Rpt Dist No,1463,281
Rpt Dist No,1464,282
Rpt Dist No,1465,283
Rpt Dist No,1466,284
Rpt Dist No,1467,285
Rpt Dist No,1468,286
Rpt Dist No,1469,287
Rpt Dist No,147,288
Rpt Dist No,1471,289
Rpt Dist No,1472,290
Rpt Dist No,1473,291
Rpt Dist No,1474,292
Rpt Dist No,1475,293
Rpt Dist No,1476,294
Rpt Dist No,1477,295
Rpt Dist No,1479,296
Rpt Dist No,148,297
Rpt Dist No,1483,298
Rpt Dist No,1484,299
Rpt Dist No,1485,300
Rpt Dist No,1486,301
Rpt Dist No,1487,302
Rpt Dist No,1488,303
Rpt Dist No,1489,304
Rpt Dist No,1491,305
Rpt Dist No,1492,306
Rpt Dist No,1493,307
Rpt Dist No,1494,308
Rpt Dist No,1495,309
Rpt Dist No,1496,310
Rpt Dist No,1497,311
Rpt Dist No,1498,312
Rpt Dist No,1499,313
Rpt Dist No,1501,314
Rpt Dist No,1502,315
Rpt Dist No,1503,316
Rpt Dist No,1504,317
Rpt Dist No,1505,318
Rpt Dist No,1506,319
Rpt Dist No,1508,320
Rpt Dist No,1509,321
Rpt Dist No,151,322
Rpt Dist No,1511,323
Rpt Dist No,1512,324
Rpt Dist No,1513,325
Rpt Dist No,1514,326
Rpt Dist No,1515,327
Rpt Dist No,1516,328
Rpt Dist No,1517,329
Rpt Dist No,1519,330
Rpt Dist No,152,331
Rpt Dist No,1521,332
Rpt Dist No,1522,333
Rpt Dist No,1523,334
Rpt Dist No,1524,335
Rpt Dist No,1525,336
Rpt Dist No,1526,337
Rpt Dist No,1527,338
Rpt Dist No,1529,339
Rpt Dist No,153,340
Rpt Dist No,1531,341
Rpt Dist No,1532,342
Rpt Dist No,1533,343
Rpt Dist No,1535,344
Rpt Dist No,1537,345
Rpt Dist No,1538,346
Rpt Dist No,1539,347
Rpt Dist No,154,348
Rpt Dist No,1541,349
Rpt Dist No,1542,350
Rpt Dist No,1543,351
Rpt Dist No,1544,352
Rpt Dist No,1545,353
Rpt Dist No,1546,354
Rpt Dist No,1547,355
Rpt Dist No,1548,356
Rpt Dist No,1549,357
Rpt Dist No,155,358
Rpt Dist No,1551,359
Rpt Dist No,1553,360
Rpt Dist No,1555,361
Rpt Dist No,1557,362
Rpt Dist No,1558,363
Rpt Dist No,1559,364
Rpt Dist No,156,365
Rpt Dist No,1562,366
Rpt Dist No,1563,367
Rpt Dist No,1565,368
Rpt Dist No,1566,369
Rpt Dist No,1567,370
Rpt Dist No,1569,371
Rpt Dist No,157,372
Rpt Dist No,158,373
Rpt Dist No,1581,374
Rpt Dist No,1583,375
Rpt Dist No,1585,376
Rpt Dist No,1586,377
Rpt Dist No,1587,378
Rpt Dist No,1588,379
Rpt Dist No,1589,380
Rpt Dist No,159,381
Rpt Dist No,1591,382
Rpt Dist No,1595,383
Rpt Dist No,1596,384
Rpt Dist No,1599,385
Rpt Dist No,1600,386
Rpt Dist No,1601,387
Rpt Dist No,1602,388
Rpt Dist No,1603,389
Rpt Dist No,1605,390
Rpt Dist No,1606,391
Rpt Dist No,1608,392
Rpt Dist No,161,393
Rpt Dist No,1611,394
Rpt Dist No,1612,395
Rpt Dist No,1613,396
Rpt Dist No,1614,397
Rpt Dist No,1615,398
Rpt Dist No,1617,399
Rpt Dist No,1618,400
Rpt Dist No,1619,401
Rpt Dist No,162,402
Rpt Dist No,1621,403
Rpt Dist No,1622,404
Rpt Dist No,1623,405
Rpt Dist No,163,406
Rpt Dist No,1633,407
Rpt Dist No,1634,408
Rpt Dist No,1635,409
Rpt Dist No,1636,410
Rpt Dist No,1637,411
Rpt Dist No,1638,412
Rpt Dist No,1639,413
Rpt Dist No,164,414
Rpt Dist No,1641,415
Rpt Dist No,1642,416
Rpt Dist No,1643,417
Rpt Dist No,1645,418
Rpt Dist No,1646,419
Rpt Dist No,165,420
Rpt Dist No,1651,421
Rpt Dist No,1653,422
Rpt Dist No,1654,423
Rpt Dist No,1655,424
Rpt Dist No,1656,425
Rpt Dist No,1657,426
Rpt Dist No,1658,427
Rpt Dist No,1659,428
Rpt Dist No,166,429
Rpt Dist No,1661,430
Rpt Dist No,1663,431
Rpt Dist No,1664,432
Rpt Dist No,1665,433
Rpt Dist No,1666,434
Rpt Dist No,1667,435
Rpt Dist No,1668,436
Rpt Dist No,1669,437
Rpt Dist No,1671,438
Rpt Dist No,1672,439
Rpt Dist No,1673,440
Rpt Dist No,1675,441
Rpt Dist No,1676,442
Rpt Dist No,1677,443
Rpt Dist No,1678,444
Rpt Dist No,1679,445
Rpt Dist No,1681,446
Rpt Dist No,1682,447
Rpt Dist No,1683,448
Rpt Dist No,1684,449
Rpt Dist No,1685,450
Rpt Dist No,1686,451
Rpt Dist No,1687,452
Rpt Dist No,1689,453
Rpt Dist No,1691,454
Rpt Dist No,1693,455
Rpt Dist No,1695,456
Rpt Dist No,1698,457
Rpt Dist No,1699,458
Rpt Dist No,1700,459
Rpt Dist No,1701,460
Rpt Dist No,1703,461
Rpt Dist No,1705,462
Rpt Dist No,1707,463
Rpt Dist No,1708,464
Rpt Dist No,1709,465
Rpt Dist No,171,466
Rpt Dist No,1712,467
Rpt Dist No,1713,468
Rpt Dist No,1714,469
Rpt Dist No,1715,470
Rpt Dist No,1716,471
Rpt Dist No,1717,472
Rpt Dist No,1718,473
Rpt Dist No,1719,474
Rpt Dist No,1721,475
Rpt Dist No,1722,476
Rpt Dist No,1723,477
Rpt Dist No,1725,478
Rpt Dist No,1727,479
Rpt Dist No,1728,480
Rpt Dist No,1729,481
Rpt Dist No,1732,482
Rpt Dist No,1735,483
Rpt Dist No,1736,484
Rpt Dist No,1737,485
Rpt Dist No,1738,486
Rpt Dist No,1739,487
Rpt Dist No,174,488
Rpt Dist No,1743,489
Rpt Dist No,1745,490
Rpt Dist No,1747,491
Rpt Dist No,1749,492
Rpt Dist No,1751,493
Rpt Dist No,1752,494
Rpt Dist No,1753,495
Rpt Dist No,1754,496
Rpt Dist No,1755,497
Rpt Dist No,1756,498
Rpt Dist No,1757,499
Rpt Dist No,1758,500
Rpt Dist No,1759,501
Rpt Dist No,176,502
Rpt Dist No,1761,503
Rpt Dist No,1762,504
Rpt Dist No,1763,505
Rpt Dist No,1764,506
Rpt Dist No,1765,507
Rpt Dist No,1766,508
Rpt Dist No,1767,509
Rpt Dist No,1768,510
Rpt Dist No,1771,511
Rpt Dist No,1772,512
Rpt Dist No,1773,513
Rpt Dist No,1774,514
Rpt Dist No,1775,515
Rpt Dist No,1776,516
Rpt Dist No,1777,517
Rpt Dist No,1778,518
Rpt Dist No,1779,519
Rpt Dist No,1781,520
Rpt Dist No,1782,521
Rpt Dist No,1783,522
Rpt Dist No,1784,523
Rpt Dist No,1785,524
Rpt Dist No,1787,525
Rpt Dist No,1788,526
Rpt Dist No,1791,527
Rpt Dist No,1792,528
Rpt Dist No,1793,529
Rpt Dist No,1794,530
Rpt Dist No,1795,531
Rpt Dist No,1796,532
Rpt Dist No,1797,533
Rpt Dist No,1798,534
Rpt Dist No,1799,535
Rpt Dist No,1801,536
Rpt Dist No,1802,537
Rpt Dist No,1803,538
Rpt Dist No,1804,539
Rpt Dist No,1805,540
Rpt Dist No,1806,541
Rpt Dist No,181,542
Rpt Dist No,182,543
Rpt Dist No,1821,544
Rpt Dist No,1822,545
Rpt Dist No,1823,546
Rpt Dist No,1824,547
Rpt Dist No,1826,548
Rpt Dist No,1827,549
Rpt Dist No,1829,550
Rpt Dist No,1831,551
Rpt Dist No,1832,552
Rpt Dist No,1834,553
Rpt Dist No,1835,554
Rpt Dist No,1836,555
Rpt Dist No,1837,556
Rpt Dist No,1838,557
Rpt Dist No,1839,558
Rpt Dist No,1841,559
Rpt Dist No,1842,560
Rpt Dist No,1844,561
Rpt Dist No,1846,562
Rpt Dist No,1849,563
Rpt Dist No,185,564
Rpt Dist No,1851,565
Rpt Dist No,1861,566
Rpt Dist No,1862,567
Rpt Dist No,1863,568
Rpt Dist No,1864,569
Rpt Dist No,1871,570
Rpt Dist No,1881,571
Rpt Dist No,1891,572
Rpt Dist No,1901,573
Rpt Dist No,1902,574
Rpt Dist No,1903,575
Rpt Dist No,1904,576
Rpt Dist No,1905,577
Rpt Dist No,1906,578
Rpt Dist No,1907,579
Rpt Dist No,1908,580
Rpt Dist No,1909,581
Rpt Dist No,191,582
Rpt Dist No,1911,583
Rpt Dist No,1912,584
Rpt Dist No,1913,585
Rpt Dist No,1915,586
Rpt Dist No,1916,587
Rpt Dist No,1917,588
Rpt Dist No,1918,589
Rpt Dist No,1919,590
Rpt Dist No,192,591
Rpt Dist No,1921,592
Rpt Dist No,1924,593
Rpt Dist No,1925,594
Rpt Dist No,1931,595
Rpt Dist No,1934,596
Rpt Dist No,1935,597
Rpt Dist No,1936,598
Rpt Dist No,1941,599
Rpt Dist No,1942,600
Rpt Dist No,1943,601
Rpt Dist No,1944,602
Rpt Dist No,1945,603
Rpt Dist No,195,604
Rpt Dist No,1951,605
Rpt Dist No,1952,606
Rpt Dist No,1954,607
Rpt Dist No,1955,608
Rpt Dist No,1956,609
Rpt Dist No,1958,610
Rpt Dist No,1959,611
Rpt Dist No,1961,612
Rpt Dist No,1962,613
Rpt Dist No,1963,614
Rpt Dist No,1964,615
Rpt Dist No,1966,616
Rpt Dist No,1967,617
Rpt Dist No,1969,618
Rpt Dist No,1971,619
Rpt Dist No,1972,620
Rpt Dist No,1974,621
Rpt Dist No,1975,622
Rpt Dist No,1977,623
Rpt Dist No,1979,624
Rpt Dist No,1981,625
Rpt Dist No,1982,626
Rpt Dist No,1983,627
Rpt Dist No,1984,628
Rpt Dist No,1985,629
Rpt Dist No,1987,630
Rpt Dist No,1988,631
Rpt Dist No,1989,632
Rpt Dist No,1991,633
Rpt Dist No,1993,634
Rpt Dist No,1994,635
Rpt Dist No,1995,636
Rpt Dist No,1996,637
Rpt Dist No,1998,638
Rpt Dist No,1999,639
Rpt Dist No,2001,640
Rpt Dist No,2002,641
Rpt Dist No,2004,642
Rpt Dist No,2005,643
Rpt Dist No,201,644
Rpt Dist No,2011,645
Rpt Dist No,2013,646
Rpt Dist No,2014,647
Rpt Dist No,2015,648
Rpt Dist No,2016,649
Rpt Dist No,2017,650
Rpt Dist No,2019,651
Rpt Dist No,202,652
Rpt Dist No,2021,653
Rpt Dist No,2022,654
Rpt Dist No,2023,655
Rpt Dist No,2024,656
Rpt Dist No,2025,657
Rpt Dist No,2026,658
Rpt Dist No,2027,659
Rpt Dist No,2029,660
Rpt Dist No,203,661
Rpt Dist No,2031,662
Rpt Dist No,2033,663
Rpt Dist No,2034,664
Rpt Dist No,2035,665
Rpt Dist No,2036,666
Rpt Dist No,2038,667
Rpt Dist No,2039,668
Rpt Dist No,204,669
Rpt Dist No,2041,670
Rpt Dist No,2042,671
Rpt Dist No,2044,672
Rpt Dist No,2045,673
Rpt Dist No,2046,674
Rpt Dist No,2049,675
Rpt Dist No,205,676
Rpt Dist No,2053,677
Rpt Dist No,2054,678
Rpt Dist No,2055,679
Rpt Dist No,2056,680
Rpt Dist No,2058,681
Rpt Dist No,2062,682
Rpt Dist No,2063,683
Rpt Dist No,2064,684
Rpt Dist No,2069,685
Rpt Dist No,2071,686
Rpt Dist No,2073,687
Rpt Dist No,2074,688
Rpt Dist No,2076,689
Rpt Dist No,2079,690
Rpt Dist No,2081,691
Rpt Dist No,2083,692
Rpt Dist No,2088,693
Rpt Dist No,2091,694
Rpt Dist No,2093,695
Rpt Dist No,2097,696
Rpt Dist No,2099,697
Rpt Dist No,2101,698
Rpt Dist No,2102,699
Rpt Dist No,2103,700
Rpt Dist No,2104,701
Rpt Dist No,2105,702
Rpt Dist No,2106,703
Rpt Dist No,2107,704
Rpt Dist No,211,705
Rpt Dist No,2111,706
Rpt Dist No,2113,707
Rpt Dist No,2114,708
Rpt Dist No,2115,709
Rpt Dist No,2118,710
Rpt Dist No,212,711
Rpt Dist No,2125,712
Rpt Dist No,2126,713
Rpt Dist No,2128,714
Rpt Dist No,2129,715
Rpt Dist No,213,716
Rpt Dist No,2131,717
Rpt Dist No,2132,718
Rpt Dist No,2133,719
Rpt Dist No,2134,720
Rpt Dist No,2136,721
Rpt Dist No,2137,722
Rpt Dist No,2138,723
Rpt Dist No,2139,724
Rpt Dist No,2141,725
Rpt Dist No,2142,726
Rpt Dist No,2143,727
Rpt Dist No,2144,728
Rpt Dist No,2145,729
Rpt Dist No,2146,730
Rpt Dist No,2147,731
Rpt Dist No,2148,732
Rpt Dist No,2149,733
Rpt Dist No,215,734
Rpt Dist No,2155,735
Rpt Dist No,2156,736
Rpt Dist No,2157,737
Rpt Dist No,2158,738
Rpt Dist No,2159,739
Rpt Dist No,216,740
Rpt Dist No,2161,741
Rpt Dist No,2162,742
Rpt Dist No,2169,743
Rpt Dist No,217,744
Rpt Dist No,2172,745
Rpt Dist No,2173,746
Rpt Dist No,2175,747
Rpt Dist No,2177,748
Rpt Dist No,218,749
Rpt Dist No,2183,750
Rpt Dist No,2185,751
Rpt Dist No,2187,752
Rpt Dist No,2189,753
Rpt Dist No,219,754
Rpt Dist No,2196,755
Rpt Dist No,2197,756
Rpt Dist No,2198,757
Rpt Dist No,2199,758
Rpt Dist No,221,759
Rpt Dist No,224,760
Rpt Dist No,225,761
Rpt Dist No,226,762
Rpt Dist No,231,763
Rpt Dist No,233,764
Rpt Dist No,234,765
Rpt Dist No,235,766
Rpt Dist No,236,767
Rpt Dist No,237,768
Rpt Dist No,238,769
Rpt Dist No,239,770
Rpt Dist No,241,771
Rpt Dist No,242,772
Rpt Dist No,244,773
Rpt Dist No,245,774
Rpt Dist No,246,775
Rpt Dist No,247,776
Rpt Dist No,248,777
Rpt Dist No,249,778
Rpt Dist No,251,779
Rpt Dist No,256,780
Rpt Dist No,257,781
Rpt Dist No,261,782
Rpt Dist No,265,783
Rpt Dist No,266,784
Rpt Dist No,267,785
Rpt Dist No,269,786
Rpt Dist No,271,787
Rpt Dist No,275,788
Rpt Dist No,277,789
Rpt Dist No,279,790
Rpt Dist No,281,791
Rpt Dist No,285,792
Rpt Dist No,289,793
Rpt Dist No,291,794
Rpt Dist No,292,795
Rpt Dist No,295,796
Rpt Dist No,299,797
Rpt Dist No,301,798
Rpt Dist No,303,799
Rpt Dist No,305,800
Rpt Dist No,307,801
Rpt Dist No,308,802
Rpt Dist No,309,803
Rpt Dist No,311,804
Rpt Dist No,312,805
Rpt Dist No,313,806
Rpt Dist No,314,807
Rpt Dist No,315,808
Rpt Dist No,316,809
Rpt Dist No,317,810
Rpt Dist No,318,811
Rpt Dist No,319,812
Rpt Dist No,321,813
Rpt Dist No,325,814
Rpt Dist No,326,815
Rpt Dist No,327,816
Rpt Dist No,328,817
Rpt Dist No,329,818
Rpt Dist No,331,819
Rpt Dist No,332,820
Rpt Dist No,333,821
Rpt Dist No,334,822
Rpt Dist No,335,823
Rpt Dist No,336,824
Rpt Dist No,337,825
Rpt Dist No,338,826
Rpt Dist No,341,827
Rpt Dist No,343,828
Rpt Dist No,351,829
Rpt Dist No,353,830
Rpt Dist No,354,831
Rpt Dist No,355,832
Rpt Dist No,356,833
Rpt Dist No,357,834
Rpt Dist No,358,835
Rpt Dist No,359,836
Rpt Dist No,361,837
Rpt Dist No,362,838
Rpt Dist No,363,839
Rpt Dist No,373,840
Rpt Dist No,374,841
Rpt Dist No,375,842
Rpt Dist No,376,843
Rpt Dist No,377,844
Rpt Dist No,378,845
Rpt Dist No,379,846
Rpt Dist No,391,847
Rpt Dist No,392,848
Rpt Dist No,393,849
Rpt Dist No,394,850
Rpt Dist No,395,851
Rpt Dist No,396,852
Rpt Dist No,397,853
Rpt Dist No,398,854
Rpt Dist No,399,855
Rpt Dist No,401,856
Rpt Dist No,402,857
Rpt Dist No,403,858
Rpt Dist No,404,859
Rpt Dist No,405,860
Rpt Dist No,406,861
Rpt Dist No,407,862
Rpt Dist No,408,863
Rpt Dist No,409,864
Rpt Dist No,411,865
Rpt Dist No,412,866
Rpt Dist No,413,867
Rpt Dist No,414,868
Rpt Dist No,415,869
Rpt Dist No,416,870
Rpt Dist No,417,871
Rpt Dist No,418,872
Rpt Dist No,421,873
Rpt Dist No,422,874
Rpt Dist No,423,875
Rpt Dist No,424,876
Rpt Dist No,426,877
Rpt Dist No,427,878
Rpt Dist No,428,879
Rpt Dist No,429,880
Rpt Dist No,437,881
Rpt Dist No,438,882
Rpt Dist No,439,883
Rpt Dist No,441,884
Rpt Dist No,442,885
Rpt Dist No,443,886
Rpt Dist No,445,887
Rpt Dist No,448,888
Rpt Dist No,449,889
Rpt Dist No,451,890
Rpt Dist No,452,891
Rpt Dist No,453,892
Rpt Dist No,454,893
Rpt Dist No,455,894
Rpt Dist No,456,895
Rpt Dist No,457,896
Rpt Dist No,459,897
Rpt Dist No,461,898
Rpt Dist No,462,899
Rpt Dist No,463,900
Rpt Dist No,464,901
Rpt Dist No,465,902
Rpt Dist No,466,903
Rpt Dist No,467,904
Rpt Dist No,468,905
Rpt Dist No,469,906
Rpt Dist No,471,907
Rpt Dist No,473,908
Rpt Dist No,477,909
Rpt Dist No,478,910
Rpt Dist No,479,911
Rpt Dist No,483,912
Rpt Dist No,487,913
Rpt Dist No,488,914
Rpt Dist No,489,915
Rpt Dist No,491,916
Rpt Dist No,497,917
Rpt Dist No,499,918
Rpt Dist No,500,919
Rpt Dist No,501,920
Rpt Dist No,502,921
Rpt Dist No,503,922
Rpt Dist No,504,923
Rpt Dist No,505,924
Rpt Dist No,506,925
Rpt Dist No,507,926
Rpt Dist No,508,927
Rpt Dist No,509,928
Rpt Dist No,511,929
Rpt Dist No,512,930
Rpt Dist No,513,931
Rpt Dist No,514,932
Rpt Dist No,515,933
Rpt Dist No,516,934
Rpt Dist No,517,935
Rpt Dist No,518,936
Rpt Dist No,519,937
Rpt Dist No,521,938
Rpt Dist No,522,939
Rpt Dist No,523,940
Rpt Dist No,524,941
Rpt Dist No,525,942
Rpt Dist No,526,943
Rpt Dist No,527,944
Rpt Dist No,528,945
Rpt Dist No,529,946
Rpt Dist No,531,947
Rpt Dist No,532,948
Rpt Dist No,541,949
Rpt Dist No,551,950
Rpt Dist No,555,951
Rpt Dist No,557,952
Rpt Dist No,558,953
Rpt Dist No,559,954
Rpt Dist No,561,955
Rpt Dist No,562,956
Rpt Dist No,563,957
Rpt Dist No,564,958
Rpt Dist No,565,959
Rpt Dist No,566,960
Rpt Dist No,567,961
Rpt Dist No,569,962
Rpt Dist No,581,963
Rpt Dist No,583,964
Rpt Dist No,584,965
Rpt Dist No,585,966
Rpt Dist No,587,967
Rpt Dist No,589,968
Rpt Dist No,599,969
Rpt Dist No,600,970
Rpt Dist No,615,971
Rpt Dist No,621,972
Rpt Dist No,622,973
Rpt Dist No,625,974
Rpt Dist No,626,975
Rpt Dist No,627,976
Rpt Dist No,628,977
Rpt Dist No,629,978
Rpt Dist No,631,979
Rpt Dist No,632,980
Rpt Dist No,635,981
Rpt Dist No,636,982
Rpt Dist No,637,983
Rpt Dist No,638,984
Rpt Dist No,639,985
Rpt Dist No,642,986
Rpt Dist No,643,987
Rpt Dist No,644,988
Rpt Dist No,645,989
Rpt Dist No,646,990
Rpt Dist No,647,991
Rpt Dist No,648,992
Rpt Dist No,649,993
Rpt Dist No,656,994
Rpt Dist No,657,995
Rpt Dist No,659,996
Rpt Dist No,663,997
Rpt Dist No,665,998
Rpt Dist No,666,999
Rpt Dist No,667,1000
Rpt Dist No,668,1001
Rpt Dist No,669,1002
Rpt Dist No,672,1003
Rpt Dist No,676,1004
Rpt Dist No,677,1005
Rpt Dist No,678,1006
Rpt Dist No,679,1007
Rpt Dist No,696,1008
Rpt Dist No,697,1009
Rpt Dist No,699,1010
Rpt Dist No,700,1011
Rpt Dist No,701,1012
Rpt Dist No,702,1013
Rpt Dist No,704,1014
Rpt Dist No,705,1015
Rpt Dist No,706,1016
Rpt Dist No,709,1017
Rpt Dist No,711,1018
Rpt Dist No,713,1019
Rpt Dist No,714,1020
Rpt Dist No,715,1021
Rpt Dist No,716,1022
Rpt Dist No,717,1023
Rpt Dist No,719,1024
Rpt Dist No,721,1025
Rpt Dist No,722,1026
Rpt Dist No,723,1027
Rpt Dist No,724,1028
Rpt Dist No,725,1029
Rpt Dist No,726,1030
Rpt Dist No,727,1031
Rpt Dist No,728,1032
Rpt Dist No,729,1033
Rpt Dist No,732,1034
Rpt Dist No,733,1035
Rpt Dist No,734,1036
Rpt Dist No,735,1037
Rpt Dist No,736,1038
Rpt Dist No,737,1039
Rpt Dist No,738,1040
Rpt Dist No,739,1041
Rpt Dist No,742,1042
Rpt Dist No,743,1043
Rpt Dist No,745,1044
Rpt Dist No,747,1045
Rpt Dist No,749,1046
Rpt Dist No,752,1047
Rpt Dist No,753,1048
Rpt Dist No,755,1049
Rpt Dist No,756,1050
Rpt Dist No,758,1051
Rpt Dist No,759,1052
Rpt Dist No,762,1053
Rpt Dist No,763,1054
Rpt Dist No,764,1055
Rpt Dist No,765,1056
Rpt Dist No,766,1057
Rpt Dist No,767,1058
Rpt Dist No,768,1059
Rpt Dist No,769,1060
Rpt Dist No,771,1061
Rpt Dist No,772,1062
Rpt Dist No,773,1063
Rpt Dist No,774,1064
Rpt Dist No,775,1065
Rpt Dist No,776,1066
Rpt Dist No,777,1067
Rpt Dist No,778,1068
Rpt Dist No,779,1069
Rpt Dist No,782,1070
Rpt Dist No,783,1071
Rpt Dist No,784,1072
Rpt Dist No,785,1073
Rpt Dist No,787,1074
Rpt Dist No,788,1075
Rpt Dist No,789,1076
Rpt Dist No,800,1077
Rpt Dist No,801,1078
Rpt Dist No,802,1079
Rpt Dist No,803,1080
Rpt Dist No,804,1081
Rpt Dist No,805,1082
Rpt Dist No,806,1083
Rpt Dist No,807,1084
Rpt Dist No,808,1085
Rpt Dist No,809,1086
Rpt Dist No,811,1087
Rpt Dist No,812,1088
Rpt Dist No,813,1089
Rpt Dist No,814,1090
Rpt Dist No,815,1091
Rpt Dist No,816,1092
Rpt Dist No,817,1093
Rpt Dist No,818,1094
Rpt Dist No,819,1095
Rpt Dist No,821,1096
Rpt Dist No,822,1097
Rpt Dist No,823,1098
Rpt Dist No,824,1099
Rpt Dist No,825,1100
Rpt Dist No,826,1101
Rpt Dist No,827,1102
Rpt Dist No,828,1103
Rpt Dist No,829,1104
Rpt Dist No,831,1105
Rpt Dist No,832,1106
Rpt Dist No,833,1107
Rpt Dist No,834,1108
Rpt Dist No,835,1109
Rpt Dist No,836,1110
Rpt Dist No,837,1111
Rpt Dist No,838,1112
Rpt Dist No,839,1113
Rpt Dist No,841,1114
Rpt Dist No,842,1115
Rpt Dist No,843,1116
Rpt Dist No,847,1117
Rpt Dist No,848,1118
Rpt Dist No,849,1119
Rpt Dist No,851,1120
Rpt Dist No,852,1121
Rpt Dist No,853,1122
Rpt Dist No,854,1123
Rpt Dist No,855,1124
Rpt Dist No,857,1125
Rpt Dist No,858,1126
Rpt Dist No,859,1127
Rpt Dist No,861,1128
Rpt Dist No,871,1129
Rpt Dist No,872,1130
Rpt Dist No,881,1131
Rpt Dist No,882,1132
Rpt Dist No,883,1133
Rpt Dist No,884,1134
Rpt Dist No,885,1135
Rpt Dist No,886,1136
Rpt Dist No,887,1137
Rpt Dist No,889,1138
Rpt Dist No,891,1139
Rpt Dist No,892,1140
Rpt Dist No,893,1141
Rpt Dist No,895,1142
Rpt Dist No,896,1143
Rpt Dist No,897,1144
Rpt Dist No,898,1145
Rpt Dist No,899,1146
Rpt Dist No,900,1147
Rpt Dist No,901,1148
Rpt Dist No,902,1149
Rpt Dist No,904,1150
Rpt Dist No,905,1151
Rpt Dist No,906,1152
Rpt Dist No,909,1153
Rpt Dist No,911,1154
Rpt Dist No,914,1155
Rpt Dist No,915,1156
Rpt Dist No,916,1157
Rpt Dist No,917,1158
Rpt Dist No,919,1159
Rpt Dist No,921,1160
Rpt Dist No,922,1161
Rpt Dist No,923,1162
Rpt Dist No,926,1163
Rpt Dist No,927,1164
Rpt Dist No,929,1165
Rpt Dist No,931,1166
Rpt Dist No,932,1167
Rpt Dist No,933,1168
Rpt Dist No,934,1169
Rpt Dist No,935,1170
Rpt Dist No,936,1171
Rpt Dist No,937,1172
Rpt Dist No,938,1173
Rpt Dist No,939,1174
Rpt Dist No,941,1175
Rpt Dist No,942,1176
Rpt Dist No,943,1177
Rpt Dist No,944,1178
Rpt Dist No,945,1179
Rpt Dist No,946,1180
Rpt Dist No,948,1181
Rpt Dist No,952,1182
Rpt Dist No,955,1183
Rpt Dist No,957,1184
Rpt Dist No,958,1185
Rpt Dist No,961,1186
Rpt Dist No,963,1187
Rpt Dist No,964,1188
Rpt Dist No,966,1189
Rpt Dist No,969,1190
Rpt Dist No,971,1191
Rpt Dist No,974,1192
Rpt Dist No,976,1193
Rpt Dist No,979,1194
Rpt Dist No,981,1195
Rpt Dist No,983,1196
Rpt Dist No,984,1197
Rpt Dist No,985,1198
Rpt Dist No,989,1199
Rpt Dist No,991,1200
Rpt Dist No,994,1201
Rpt Dist No,998,1202
Premis Cd,101.0,0
Premis Cd,102.0,1
Premis Cd,103.0,2
Premis Cd,104.0,3
Premis Cd,105.0,4
Premis Cd,106.0,5
Premis Cd,107.0,6
Premis Cd,108.0,7
Premis Cd,109.0,8
Premis Cd,110.0,9
Premis Cd,111.0,10
Premis Cd,112.0,11
Premis Cd,113.0,12
Premis Cd,114.0,13
Premis Cd,115.0,14
Premis Cd,116.0,15
Premis Cd,117.0,16
Premis Cd,118.0,17
Premis Cd,119.0,18
Premis Cd,120.0,19
Premis Cd,121.0,20
Premis Cd,122.0,21
Premis Cd,123.0,22
Premis Cd,124.0,23
Premis Cd,127.0,24
Premis Cd,128.0,25
Premis Cd,129.0,26
Premis Cd,135.0,27
Premis Cd,136.0,28
Premis Cd,138.0,29
Premis Cd,139.0,30
Premis Cd,140.0,31
Premis Cd,141.0,32
Premis Cd,142.0,33
Premis Cd,144.0,34
Premis Cd,145.0,35
Premis Cd,146.0,36
Premis Cd,147.0,37
Premis Cd,148.0,38
Premis Cd,149.0,39
Premis Cd,150.0,40
Premis Cd,151.0,41
Premis Cd,152.0,42
Premis Cd,154.0,43
Premis Cd,155.0,44
Premis Cd,156.0,45
Premis Cd,157.0,46
Premis Cd,158.0,47
Premis Cd,201.0,48
Premis Cd,202.0,49
Premis Cd,203.0,50
Premis Cd,204.0,51
Premis Cd,205.0,52
Premis Cd,206.0,53
Premis Cd,207.0,54
Premis Cd,208.0,55
Premis Cd,209.0,56
Premis Cd,210.0,57
Premis Cd,211.0,58
Premis Cd,212.0,59
Premis Cd,213.0,60
Premis Cd,214.0,61
Premis Cd,215.0,62
Premis Cd,216.0,63
Premis Cd,217.0,64
Premis Cd,218.0,65
Premis Cd,219.0,66
Premis Cd,220.0,67
Premis Cd,221.0,68
Premis Cd,222.0,69
Premis Cd,225.0,70
Premis Cd,228.0,71
Premis Cd,229.0,72
Premis Cd,230.0,73
Premis Cd,231.0,74
Premis Cd,232.0,75
Premis Cd,233.0,76
Premis Cd,235.0,77
Premis Cd,236.0,78
Premis Cd,237.0,79
Premis Cd,238.0,80
Premis Cd,239.0,81
Premis Cd,241.0,82
Premis Cd,242.0,83
Premis Cd,243.0,84
Premis Cd,244.0,85
Premis Cd,245.0,86
Premis Cd,247.0,87
Premis Cd,248.0,88
Premis Cd,249.0,89
Premis Cd,250.0,90
Premis Cd,251.0,91
Premis Cd,252.0,92
Premis Cd,253.0,93
Premis Cd,254.0,94
Premis Cd,255.0,95
Premis Cd,256.0,96
Premis Cd,301.0,97
Premis Cd,302.0,98
Premis Cd,303.0,99
Premis Cd,304.0,100
Premis Cd,401.0,101
Premis Cd,402.0,102
Premis Cd,403.0,103
Premis Cd,404.0,104
Premis Cd,405.0,105
Premis Cd,406.0,106
Premis Cd,407.0,107
Premis Cd,408.0,108
Premis Cd,409.0,109
Premis Cd,410.0,110
Premis Cd,411.0,111
Premis Cd,412.0,112
Premis Cd,413.0,113
Premis Cd,414.0,114
Premis Cd,415.0,115
Premis Cd,416.0,116
Premis Cd,417.0,117
Premis Cd,418.0,118
Premis Cd,501.0,119
Premis Cd,502.0,120
Premis Cd,503.0,121
Premis Cd,504.0,122
Premis Cd,505.0,123
Premis Cd,506.0,124
Premis Cd,507.0,125
Premis Cd,508.0,126
Premis Cd,509.0,127
Premis Cd,510.0,128
Premis Cd,511.0,129
Premis Cd,512.0,130
Premis Cd,513.0,131
Premis Cd,514.0,132
Premis Cd,515.0,133
Premis Cd,516.0,134
Premis Cd,517.0,135
Premis Cd,518.0,136
Premis Cd,519.0,137
Premis Cd,601.0,138
Premis Cd,602.0,139
Premis Cd,603.0,140
Premis Cd,605.0,141
Premis Cd,606.0,142
Premis Cd,608.0,143
Premis Cd,701.0,144
Premis Cd,702.0,145
Premis Cd,703.0,146
Premis Cd,704.0,147
Premis Cd,705.0,148
Premis Cd,706.0,149
Premis Cd,707.0,150
Premis Cd,708.0,151
Premis Cd,709.0,152
Premis Cd,710.0,153
Premis Cd,711.0,154
Premis Cd,712.0,155
Premis Cd,713.0,156
Premis Cd,714.0,157
Premis Cd,716.0,158
Premis Cd,717.0,159
Premis Cd,718.0,160
Premis Cd,719.0,161
Premis Cd,720.0,162
Premis Cd,721.0,163
Premis Cd,722.0,164
Premis Cd,723.0,165
Premis Cd,724.0,166
Premis Cd,725.0,167
Premis Cd,726.0,168
Premis Cd,727.0,169
Premis Cd,728.0,170
Premis Cd,729.0,171
Premis Cd,730.0,172
Premis Cd,732.0,173
Premis Cd,733.0,174
Premis Cd,735.0,175
Premis Cd,736.0,176
Premis Cd,738.0,177
Premis Cd,739.0,178
Premis Cd,740.0,179
Premis Cd,741.0,180
Premis Cd,742.0,181
Premis Cd,743.0,182
Premis Cd,744.0,183
Premis Cd,745.0,184
Premis Cd,746.0,185
Premis Cd,748.0,186
Premis Cd,750.0,187
Premis Cd,751.0,188
Premis Cd,752.0,189
Premis Cd,753.0,190
Premis Cd,754.0,191
Premis Cd,755.0,192
Premis Cd,757.0,193
Premis Cd,801.0,194
Premis Cd,802.0,195
Premis Cd,804.0,196
Premis Cd,809.0,197
Premis Cd,810.0,198
Premis Cd,811.0,199
Premis Cd,834.0,200
Premis Cd,835.0,201
Premis Cd,868.0,202
Premis Cd,869.0,203
Premis Cd,870.0,204
Premis Cd,871.0,205
Premis Cd,872.0,206
Premis Cd,876.0,207
Premis Cd,877.0,208
Premis Cd,878.0,209
Premis Cd,880.0,210
Premis Cd,882.0,211
Premis Cd,883.0,212
Premis Cd,884.0,213
Premis Cd,885.0,214
Premis Cd,889.0,215
Premis Cd,891.0,216
Premis Cd,893.0,217
Premis Cd,894.0,218
Premis Cd,895.0,219
Premis Cd,897.0,220
Premis Cd,900.0,221
Premis Cd,901.0,222
Premis Cd,902.0,223
Premis Cd,903.0,224
Premis Cd,904.0,225
Premis Cd,905.0,226
Premis Cd,906.0,227
Premis Cd,907.0,228
Premis Cd,908.0,229
Premis Cd,909.0,230
Premis Cd,910.0,231
Premis Cd,911.0,232
Premis Cd,912.0,233
Premis Cd,913.0,234
Premis Cd,920.0,235
Premis Cd,921.0,236
Premis Cd,922.0,237
Premis Cd,932.0,238
Premis Cd,933.0,239
Premis Cd,934.0,240
Premis Cd,935.0,241
Premis Cd,936.0,242
Premis Cd,937.0,243
Premis Cd,940.0,244
Premis Cd,941.0,245
Premis Cd,942.0,246
Premis Cd,943.0,247
Premis Cd,944.0,248
Premis Cd,945.0,249
Premis Cd,946.0,250
Premis Cd,947.0,251
Premis Cd,948.0,252
Premis Cd,949.0,253
Premis Cd,950.0,254
Premis Cd,952.0,255
Premis Cd,953.0,256
Premis Cd,954.0,257
Premis Cd,956.0,258
Premis Cd,957.0,259
Premis Cd,958.0,260
Premis Cd,961.0,261
Premis Cd,962.0,262
Premis Cd,963.0,263
Premis Cd,964.0,264
Premis Cd,965.0,265
Premis Cd,966.0,266
Premis Cd,967.0,267
Premis Cd,968.0,268
Premis Cd,969.0,269
Premis Cd,970.0,270
Premis Cd,971.0,271
Premis Cd,973.0,272
Premis Cd,974.0,273
